{
    "name": "root",
    "gauges": {
        "TrackRacer.Policy.Entropy.mean": {
            "value": 0.33779674768447876,
            "min": 0.08934183418750763,
            "max": 1.0532004833221436,
            "count": 83
        },
        "TrackRacer.Policy.Entropy.sum": {
            "value": 3026.658935546875,
            "min": 901.362548828125,
            "max": 10089.7705078125,
            "count": 83
        },
        "TrackRacer.Step.mean": {
            "value": 869967.0,
            "min": 49999.0,
            "max": 869967.0,
            "count": 83
        },
        "TrackRacer.Step.sum": {
            "value": 869967.0,
            "min": 49999.0,
            "max": 869967.0,
            "count": 83
        },
        "TrackRacer.Policy.ExtrinsicValueEstimate.mean": {
            "value": 30.49055290222168,
            "min": 23.75050926208496,
            "max": 30.837665557861328,
            "count": 83
        },
        "TrackRacer.Policy.ExtrinsicValueEstimate.sum": {
            "value": 4756.5263671875,
            "min": 2731.30859375,
            "max": 4935.70166015625,
            "count": 83
        },
        "TrackRacer.Losses.PolicyLoss.mean": {
            "value": 0.25457586199276605,
            "min": 0.2425801796500126,
            "max": 0.2576693500733472,
            "count": 83
        },
        "TrackRacer.Losses.PolicyLoss.sum": {
            "value": 1.2728793099638303,
            "min": 0.9827902717637771,
            "max": 1.544476262903767,
            "count": 83
        },
        "TrackRacer.Losses.ValueLoss.mean": {
            "value": 1.0427257047060816,
            "min": 0.7436204125705822,
            "max": 1.6525485918841547,
            "count": 83
        },
        "TrackRacer.Losses.ValueLoss.sum": {
            "value": 5.213628523530408,
            "min": 3.718102062852911,
            "max": 8.666807777402678,
            "count": 83
        },
        "TrackRacer.Policy.LearningRate.mean": {
            "value": 0.0002948089997303339,
            "min": 0.0002948089997303339,
            "max": 0.000299717286094238,
            "count": 83
        },
        "TrackRacer.Policy.LearningRate.sum": {
            "value": 0.0014740449986516697,
            "min": 0.001198869144376952,
            "max": 0.001797658596780468,
            "count": 83
        },
        "TrackRacer.Policy.Epsilon.mean": {
            "value": 0.198269666,
            "min": 0.198269666,
            "max": 0.199905762,
            "count": 83
        },
        "TrackRacer.Policy.Epsilon.sum": {
            "value": 0.9913483300000001,
            "min": 0.799623048,
            "max": 1.199219532,
            "count": 83
        },
        "TrackRacer.Policy.Beta.mean": {
            "value": 0.0005000000000000001,
            "min": 0.0005000000000000001,
            "max": 0.0005000000000000001,
            "count": 83
        },
        "TrackRacer.Policy.Beta.sum": {
            "value": 0.0025000000000000005,
            "min": 0.0020000000000000005,
            "max": 0.0030000000000000005,
            "count": 83
        },
        "TrackRacer.IsTraining.mean": {
            "value": 1.0,
            "min": 1.0,
            "max": 1.0,
            "count": 83
        },
        "TrackRacer.IsTraining.sum": {
            "value": 1.0,
            "min": 1.0,
            "max": 1.0,
            "count": 83
        },
        "TrackRacer.Environment.EpisodeLength.mean": {
            "value": 1199.0,
            "min": 1199.0,
            "max": 1199.0,
            "count": 24
        },
        "TrackRacer.Environment.EpisodeLength.sum": {
            "value": 33572.0,
            "min": 33572.0,
            "max": 33572.0,
            "count": 24
        },
        "TrackRacer.Environment.CumulativeReward.mean": {
            "value": 355.39285714285717,
            "min": 335.928571496691,
            "max": 371.4,
            "count": 27
        },
        "TrackRacer.Environment.CumulativeReward.sum": {
            "value": 9951.0,
            "min": 1857.0,
            "max": 10035.0,
            "count": 27
        },
        "TrackRacer.Policy.ExtrinsicReward.mean": {
            "value": 355.39285714285717,
            "min": 335.928571496691,
            "max": 371.4,
            "count": 27
        },
        "TrackRacer.Policy.ExtrinsicReward.sum": {
            "value": 9951.0,
            "min": 1857.0,
            "max": 10035.0,
            "count": 27
        }
    },
    "metadata": {
        "timer_format_version": "0.1.0",
        "start_time_seconds": "1650817935",
        "python_version": "3.9.10 (tags/v3.9.10:f2f3f53, Jan 17 2022, 15:14:21) [MSC v.1929 64 bit (AMD64)]",
        "command_line_arguments": "C:\\Users\\dbige\\AppData\\Local\\Programs\\Python\\Python39\\Scripts\\mlagents-learn Config/driveTrack.yml --run-id=DriveTest --resume",
        "mlagents_version": "0.29.0",
        "mlagents_envs_version": "0.29.0",
        "communication_protocol_version": "1.5.0",
        "pytorch_version": "1.11.0+cu115",
        "numpy_version": "1.21.2",
        "end_time_seconds": "1650820652"
    },
    "total": 2717.2497938,
    "count": 1,
    "self": 0.004499900000155321,
    "children": {
        "run_training.setup": {
            "total": 0.12290139999999994,
            "count": 1,
            "self": 0.12290139999999994
        },
        "TrainerController.start_learning": {
            "total": 2717.1223925,
            "count": 1,
            "self": 0.4355887999922743,
            "children": {
                "TrainerController._reset_env": {
                    "total": 25.256998,
                    "count": 1,
                    "self": 25.256998
                },
                "TrainerController.advance": {
                    "total": 2691.336392200008,
                    "count": 29760,
                    "self": 0.4377441000010549,
                    "children": {
                        "env_step": {
                            "total": 244.46975359999033,
                            "count": 29760,
                            "self": 152.8356680000071,
                            "children": {
                                "SubprocessEnvManager._take_step": {
                                    "total": 91.36109209996334,
                                    "count": 29760,
                                    "self": 1.4584718999583686,
                                    "children": {
                                        "TorchPolicy.evaluate": {
                                            "total": 89.90262020000498,
                                            "count": 29760,
                                            "self": 22.49367990001828,
                                            "children": {
                                                "TorchPolicy.sample_actions": {
                                                    "total": 67.4089402999867,
                                                    "count": 29760,
                                                    "self": 67.4089402999867
                                                }
                                            }
                                        }
                                    }
                                },
                                "workers": {
                                    "total": 0.2729935000198793,
                                    "count": 29760,
                                    "self": 0.0,
                                    "children": {
                                        "worker_root": {
                                            "total": 2692.4418089000137,
                                            "count": 29760,
                                            "is_parallel": true,
                                            "self": 2575.087169899989,