{
    "name": "root",
    "gauges": {
        "TrackRacer.Policy.Entropy.mean": {
            "value": 1.0583597421646118,
            "min": 1.0583597421646118,
            "max": 2.1661536693573,
            "count": 4
        },
        "TrackRacer.Policy.Entropy.sum": {
            "value": 10638.6318359375,
            "min": 10638.6318359375,
            "max": 23290.484375,
            "count": 4
        },
        "TrackRacer.Step.mean": {
            "value": 39949.0,
            "min": 9944.0,
            "max": 39949.0,
            "count": 4
        },
        "TrackRacer.Step.sum": {
            "value": 39949.0,
            "min": 9944.0,
            "max": 39949.0,
            "count": 4
        },
        "TrackRacer.Policy.ExtrinsicValueEstimate.mean": {
            "value": 30.728057861328125,
            "min": 0.4722152054309845,
            "max": 30.728057861328125,
            "count": 4
        },
        "TrackRacer.Policy.ExtrinsicValueEstimate.sum": {
            "value": 4885.76123046875,
            "min": 73.66557312011719,
            "max": 4885.76123046875,
            "count": 4
        },
        "TrackRacer.Losses.PolicyLoss.mean": {
            "value": 0.240494971539185,
            "min": 0.23732548478145835,
            "max": 0.2533370034042532,
            "count": 4
        },
        "TrackRacer.Losses.PolicyLoss.sum": {
            "value": 18.27761783697806,
            "min": 3.040044040851038,
            "max": 18.27761783697806,
            "count": 4
        },
        "TrackRacer.Losses.ValueLoss.mean": {
            "value": 1.535180433174315,
            "min": 0.25640935946650406,
            "max": 11.694482865073775,
            "count": 4
        },
        "TrackRacer.Losses.ValueLoss.sum": {
            "value": 116.67371292124794,
            "min": 3.0769123135980485,
            "max": 771.8358690948692,
            "count": 4
        },
        "TrackRacer.Policy.LearningRate.mean": {
            "value": 0.00029978992080686854,
            "min": 0.00029978992080686854,
            "max": 0.0002999654770115076,
            "count": 4
        },
        "TrackRacer.Policy.LearningRate.sum": {
            "value": 0.02278403398132201,
            "min": 0.0035995857241380913,
            "max": 0.02308841907386031,
            "count": 4
        },
        "TrackRacer.Policy.Epsilon.mean": {
            "value": 0.19992997357894737,
            "min": 0.19992997357894737,
            "max": 0.19998849233333335,
            "count": 4
        },
        "TrackRacer.Policy.Epsilon.sum": {
            "value": 15.194677992,
            "min": 2.399861908,
            "max": 15.39613969,
            "count": 4
        },
        "TrackRacer.Policy.Beta.mean": {
            "value": 0.0005000000000000001,
            "min": 0.0005,
            "max": 0.0005000000000000001,
            "count": 4
        },
        "TrackRacer.Policy.Beta.sum": {
            "value": 0.038000000000000006,
            "min": 0.006000000000000002,
            "max": 0.038500000000000006,
            "count": 4
        },
        "TrackRacer.Environment.EpisodeLength.mean": {
            "value": 1199.0,
            "min": 14.0,
            "max": 1199.0,
            "count": 4
        },
        "TrackRacer.Environment.EpisodeLength.sum": {
            "value": 16786.0,
            "min": 14.0,
            "max": 16786.0,
            "count": 4
        },
        "TrackRacer.Environment.CumulativeReward.mean": {
            "value": 356.35714285714283,
            "min": -0.5,
            "max": 356.35714285714283,
            "count": 4
        },
        "TrackRacer.Environment.CumulativeReward.sum": {
            "value": 4989.0,
            "min": -0.5,
            "max": 4989.0,
            "count": 4
        },
        "TrackRacer.Policy.ExtrinsicReward.mean": {
            "value": 356.35714285714283,
            "min": -0.5,
            "max": 356.35714285714283,
            "count": 4
        },
        "TrackRacer.Policy.ExtrinsicReward.sum": {
            "value": 4989.0,
            "min": -0.5,
            "max": 4989.0,
            "count": 4
        },
        "TrackRacer.IsTraining.mean": {
            "value": 1.0,
            "min": 1.0,
            "max": 1.0,
            "count": 4
        },
        "TrackRacer.IsTraining.sum": {
            "value": 1.0,
            "min": 1.0,
            "max": 1.0,
            "count": 4
        }
    },
    "metadata": {
        "timer_format_version": "0.1.0",
        "start_time_seconds": "1650610889",
        "python_version": "3.9.10 (tags/v3.9.10:f2f3f53, Jan 17 2022, 15:14:21) [MSC v.1929 64 bit (AMD64)]",
        "command_line_arguments": "C:\\Users\\dbige\\AppData\\Local\\Programs\\Python\\Python39\\Scripts\\mlagents-learn Config/driveTrack.yml --run-id=DriveTest --force",
        "mlagents_version": "0.29.0",
        "mlagents_envs_version": "0.29.0",
        "communication_protocol_version": "1.5.0",
        "pytorch_version": "1.11.0+cu115",
        "numpy_version": "1.21.2",
        "end_time_seconds": "1650611089"
    },
    "total": 199.61562610000001,
    "count": 1,
    "self": 0.003956900000019914,
    "children": {
        "run_training.setup": {
            "total": 0.07522239999999991,
            "count": 1,
            "self": 0.07522239999999991
        },
        "TrainerController.start_learning": {
            "total": 199.5364468,
            "count": 1,
            "self": 0.04915249999962157,
            "children": {
                "TrainerController._reset_env": {
                    "total": 13.4294359,
                    "count": 1,
                    "self": 13.4294359
                },
                "TrainerController.advance": {
                    "total": 185.93452410000037,
                    "count": 3084,
                    "self": 0.04358199999978751,
                    "children": {
                        "env_step": {
                            "total": 51.11414740000002,
                            "count": 3084,
                            "self": 38.8664266000006,
                            "children": {
                                "SubprocessEnvManager._take_step": {
                                    "total": 12.220441799999845,
                                    "count": 3084,
                                    "self": 0.13676710000049752,
                                    "children": {
                                        "TorchPolicy.evaluate": {
                                            "total": 12.083674699999348,
                                            "count": 3084,
                                            "self": 3.223341699999281,
                                            "children": {
                                                "TorchPolicy.sample_actions": {
                                                    "total": 8.860333000000066,
                                                    "count": 3084,
                                                    "self": 8.860333000000066
                                                }
                                            }
                                        }
                                    }
                                },
                                "workers": {
                                    "total": 0.027278999999575504,
                                    "count": 3083,
                                    "self": 0.0,
                                    "children": {
                                        "worker_root": {
                                            "total": 163.06407730000032,
                                            "count": 3083,
                                            "is_parallel": true,
                                            "self": 150.85538280000029,